"gene","module"
"brca1","grey"
"brca2","grey"
"palb2","grey"
"pten","blue"
"tp53","grey"
"atm","grey"
"cdh1","grey"
"chek2","blue"
"nbn","grey"
"nf1","grey"
"stk11","grey"
"bard1","blue"
"mlh1","red"
"msh2","green"
"msh6","blue"
"pms2","green"
"epcam","green"
"rad51c","grey"
"rad51d","grey"
"rad50","grey"
"rb1","red"
"rbl1","blue"
"rbl2","grey"
"ccna1","grey"
"ccnb1","blue"
"cdk1","blue"
"ccne1","blue"
"cdk2","blue"
"cdc25a","blue"
"ccnd1","turquoise"
"cdk4","blue"
"cdk6","turquoise"
"ccnd2","brown"
"cdkn2a","blue"
"cdkn2b","yellow"
"myc","grey"
"cdkn1a","grey"
"cdkn1b","green"
"e2f1","grey"
"e2f2","blue"
"e2f3","blue"
"e2f4","turquoise"
"e2f5","blue"
"e2f6","grey"
"e2f7","blue"
"e2f8","blue"
"src","blue"
"jak1","red"
"jak2","brown"
"stat1","grey"
"stat2","grey"
"stat3","red"
"stat5a","grey"
"stat5b","grey"
"mdm2","grey"
"tp53bp1","turquoise"
"adam10","red"
"adam17","grey"
"aph1a","green"
"aph1b","blue"
"arrdc1","grey"
"cir1","green"
"ctbp1","grey"
"ctbp2","grey"
"cul1","grey"
"dll1","yellow"
"dll3","grey"
"dll4","grey"
"dtx1","grey"
"dtx2","grey"
"dtx3","turquoise"
"dtx4","grey"
"ep300","grey"
"fbxw7","grey"
"hdac1","grey"
"hdac2","green"
"hes1","grey"
"hes5","grey"
"heyl","yellow"
"itch","grey"
"jag1","grey"
"jag2","grey"
"kdm5a","grey"
"lfng","turquoise"
"maml1","grey"
"maml2","grey"
"maml3","grey"
"ncor2","grey"
"ncstn","grey"
"notch1","turquoise"
"notch2","grey"
"notch3","grey"
"nrarp","grey"
"numb","grey"
"numbl","grey"
"psen1","red"
"psen2","grey"
"psenen","grey"
"rbpj","grey"
"rbpjl","grey"
"rfng","grey"
"snw1","green"
"spen","grey"
"hes2","grey"
"hes4","grey"
"hes7","grey"
"hey1","grey"
"hey2","grey"
"acvr1","brown"
"acvr1b","turquoise"
"acvr1c","grey"
"acvr2a","brown"
"acvr2b","grey"
"acvrl1","yellow"
"akt1","grey"
"akt1s1","red"
"akt2","grey"
"apaf1","grey"
"arl11","grey"
"atr","grey"
"aurka","blue"
"bad","grey"
"bcl2","turquoise"
"bcl2l1","grey"
"bmp10","grey"
"bmp15","grey"
"bmp2","grey"
"bmp3","grey"
"bmp4","grey"
"bmp5","grey"
"bmp6","grey"
"bmp7","grey"
"bmpr1a","grey"
"bmpr1b","turquoise"
"bmpr2","brown"
"braf","grey"
"casp10","grey"
"casp3","grey"
"casp6","green"
"casp7","grey"
"casp8","red"
"casp9","grey"
"chek1","blue"
"csf1","grey"
"csf1r","brown"
"cxcl8","turquoise"
"cxcr1","grey"
"cxcr2","grey"
"dab2","yellow"
"diras3","grey"
"dlec1","grey"
"dph1","grey"
"egfr","turquoise"
"eif4e","green"
"eif4ebp1","blue"
"eif5a2","red"
"erbb2","grey"
"erbb3","turquoise"
"erbb4","grey"
"fas","brown"
"fgf1","yellow"
"fgfr1","grey"
"folr1","turquoise"
"folr2","brown"
"folr3","grey"
"foxo1","brown"
"foxo3","grey"
"gdf11","grey"
"gdf2","grey"
"gsk3b","red"
"hif1a","grey"
"hla.g","grey"
"hras","grey"
"igf1","brown"
"igf1r","turquoise"
"inha","grey"
"inhba","grey"
"inhbc","grey"
"itgav","yellow"
"itgb3","grey"
"izumo1r","grey"
"kdr","grey"
"kit","brown"
"kras","grey"
"map2k1","red"
"map2k2","green"
"map2k3","grey"
"map2k4","turquoise"
"map2k5","grey"
"map3k1","grey"
"map3k3","grey"
"map3k4","grey"
"map3k5","grey"
"mapk1","turquoise"
"mapk12","grey"
"mapk14","red"
"mapk3","turquoise"
"mapk4","grey"
"mapk6","grey"
"mapk7","grey"
"mapk8","grey"
"mapk9","red"
"mdc1","grey"
"mlst8","brown"
"mmp1","turquoise"
"mmp10","grey"
"mmp11","yellow"
"mmp12","turquoise"
"mmp13","yellow"
"mmp14","grey"
"mmp15","grey"
"mmp16","grey"
"mmp17","grey"
"mmp19","grey"
"mmp2","yellow"
"mmp21","grey"
"mmp23b","grey"
"mmp24","grey"
"mmp25","grey"
"mmp26","grey"
"mmp27","grey"
"mmp28","yellow"
"mmp3","brown"
"mmp7","turquoise"
"mmp9","turquoise"
"mtor","grey"
"nfkb1","grey"
"nfkb2","red"
"opcml","grey"
"pdgfa","grey"
"pdgfb","grey"
"pdgfra","brown"
"pdgfrb","yellow"
"pdpk1","red"
"peg3","grey"
"pik3ca","green"
"pik3r1","blue"
"pik3r2","grey"
"plagl1","brown"
"ptk2","grey"
"rab25","grey"
"rad51","blue"
"raf1","grey"
"rassf1","grey"
"rheb","blue"
"rictor","grey"
"rps6","green"
"rps6ka1","grey"
"rps6ka2","yellow"
"rps6kb1","grey"
"rps6kb2","blue"
"rptor","grey"
"slc19a1","blue"
"smad1","red"
"smad2","grey"
"smad3","turquoise"
"smad4","grey"
"smad5","green"
"smad6","grey"
"smad7","grey"
"smad9","grey"
"sptbn1","grey"
"terc","grey"
"tert","grey"
"tgfb1","grey"
"tgfb2","grey"
"tgfb3","yellow"
"tgfbr1","grey"
"tgfbr2","brown"
"tgfbr3","grey"
"tsc1","grey"
"tsc2","brown"
"vegfa","grey"
"vegfb","grey"
"wfdc2","grey"
"wwox","grey"
"zfyve9","grey"
"arid1a","red"
"arid1b","grey"
"cbfb","turquoise"
"gata3","turquoise"
"kmt2c","brown"
"kmt2d","grey"
"myh9","grey"
"ncor1","grey"
"pde4dip","grey"
"ptprd","yellow"
"ros1","grey"
"runx1","grey"
"tbx3","turquoise"
"abcb1","brown"
"abcb11","grey"
"abcc1","grey"
"abcc10","red"
"bbc3","grey"
"bmf","grey"
"cyp2c8","grey"
"cyp3a4","grey"
"fgf2","grey"
"fn1","yellow"
"map2","turquoise"
"map4","red"
"mapt","turquoise"
"nr1i2","grey"
"slco1b3","grey"
"tubb1","grey"
"tubb4a","grey"
"tubb4b","brown"
"twist1","yellow"
"adgra2","yellow"
"afdn","grey"
"aff2","grey"
"agmo","grey"
"agtr2","grey"
"ahnak","blue"
"ahnak2","yellow"
"akap9","grey"
"alk","grey"
"apc","grey"
"arid2","green"
"arid5b","brown"
"asxl1","grey"
"asxl2","grey"
"bap1","grey"
"bcas3","grey"
"birc6","grey"
"cacna2d3","grey"
"ccnd3","grey"
"chd1","green"
"clk3","grey"
"clrn2","grey"
"col12a1","yellow"
"col22a1","grey"
"col6a3","yellow"
"ctcf","grey"
"ctnna1","red"
"ctnna3","grey"
"dnah11","grey"
"dnah2","grey"
"dnah5","grey"
"dtwd2","grey"
"fam20c","grey"
"fanca","grey"
"fancd2","blue"
"flt3","grey"
"foxp1","grey"
"frmd3","grey"
"gh1","grey"
"gldc","grey"
"gpr32","grey"
"gps2","grey"
"hdac9","grey"
"herc2","grey"
"hist1h2bc","grey"
"kdm3a","green"
"kdm6a","grey"
"klrg1","brown"
"l1cam","grey"
"lama2","yellow"
"lamb3","grey"
"large1","grey"
"ldlrap1","grey"
"lifr","green"
"lipi","grey"
"magea8","grey"
"map3k10","grey"
"map3k13","grey"
"men1","grey"
"mtap","blue"
"muc16","grey"
"myo1a","grey"
"myo3a","grey"
"ncoa3","grey"
"nek1","green"
"nf2","grey"
"npnt","turquoise"
"nr2f1","yellow"
"nr3c1","brown"
"nras","blue"
"nrg3","grey"
"nt5e","brown"
"or6a2","grey"
"palld","yellow"
"pbrm1","grey"
"ppp2cb","green"
"ppp2r2a","grey"
"prkacg","grey"
"prkce","grey"
"prkcq","grey"
"prkcz","grey"
"prkg1","grey"
"prps2","grey"
"prr16","grey"
"ptpn22","brown"
"ptprm","yellow"
"rasgef1b","grey"
"rpgr","green"
"ryr2","grey"
"sbno1","green"
"setd1a","brown"
"setd2","grey"
"setdb1","grey"
"sf3b1","red"
"sgcd","yellow"
"shank2","grey"
"siah1","grey"
"sik1","grey"
"sik2","grey"
"smarcb1","grey"
"smarcc1","grey"
"smarcc2","turquoise"
"smarcd1","grey"
"spaca1","grey"
"stab2","grey"
"stmn2","grey"
"syne1","brown"
"taf1","grey"
"taf4b","green"
"tbl1xr1","grey"
"tg","grey"
"thada","grey"
"thsd7a","grey"
"ttyh1","turquoise"
"ubr5","grey"
"ush2a","grey"
"usp9x","grey"
"utrn","grey"
"zfp36l1","brown"
"ackr3","yellow"
"akr1c1","grey"
"akr1c2","grey"
"akr1c3","grey"
"akr1c4","grey"
"akt3","grey"
"ar","turquoise"
"bche","grey"
"cdk8","grey"
"cdkn2c","brown"
"cyb5a","red"
"cyp11a1","grey"
"cyp11b2","grey"
"cyp17a1","grey"
"cyp19a1","grey"
"cyp21a2","grey"
"cyp3a43","grey"
"cyp3a5","grey"
"cyp3a7","grey"
"ddc","grey"
"hes6","blue"
"hsd17b1","grey"
"hsd17b10","grey"
"hsd17b11","brown"
"hsd17b12","grey"
"hsd17b13","grey"
"hsd17b14","grey"
"hsd17b2","turquoise"
"hsd17b3","grey"
"hsd17b4","turquoise"
"hsd17b6","yellow"
"hsd17b7","grey"
"hsd17b8","turquoise"
"hsd3b1","grey"
"hsd3b2","grey"
"hsd3b7","brown"
"mecom","yellow"
"met","turquoise"
"ncoa2","red"
"nrip1","turquoise"
"pik3r3","grey"
"prkci","green"
"prkd1","yellow"
"ran","red"
"rdh5","grey"
"sdc4","grey"
"serpini1","grey"
"shbg","grey"
"slc29a1","grey"
"sox9","grey"
"spry2","brown"
"srd5a1","turquoise"
"srd5a2","grey"
"srd5a3","grey"
"st7","grey"
"star","grey"
"tnk2","grey"
"tulp4","grey"
"ugt2b15","grey"
"ugt2b17","grey"
"ugt2b7","grey"
